{
    "DataType": "MoneyData",
    "DataVersion": 0,
    "GameVersion": "0.3.3f12",
    "OnlineBalance": 2940.60009765625,
    "Networth": 9733.599609375,
    "LifetimeEarnings": 12176.0,
    "WeeklyDepositSum": 153.0
}